<?xml version="1.0" encoding="UTF-8"?>
<!DOCTYPE codetemplates PUBLIC "-//NetBeans//DTD Editor Code Templates settings 1.0//EN" "http://www.netbeans.org/dtds/EditorCodeTemplates-1_0.dtd">
<codetemplates>
    <codetemplate abbreviation="cint" xml:space="preserve">
        <code><![CDATA[/**
 * Description
 * 
 * @autor Svaťa
 */
interface ${InterfaceName} {

	/**
	 * @return 
	 */
	public function create();
}]]></code>
    </codetemplate>
    <codetemplate abbreviation="--c" xml:space="preserve">
        <code><![CDATA[// ------------------------- COMPONENTS -------------------------]]></code>
    </codetemplate>
    <codetemplate abbreviation="pvar" xml:space="preserve">
        <code><![CDATA[/**
 * @var
 * @persistent
 */
public $$${variableName};]]></code>
    </codetemplate>
    <codetemplate abbreviation="pri" xml:space="preserve">
        <code><![CDATA[private function ${functionName}(){
    
}]]></code>
    </codetemplate>
    <codetemplate abbreviation="var" xml:space="preserve">
        <code><![CDATA[/** @var  */
protected $$${variableName};]]></code>
    </codetemplate>
    <codetemplate abbreviation="--g" xml:space="preserve">
        <code><![CDATA[// ------------------------- GETS & SETS -------------------------]]></code>
    </codetemplate>
    <codetemplate abbreviation="--h" xml:space="preserve">
        <code><![CDATA[// ------------------------- HANDLERS -------------------------]]></code>
    </codetemplate>
    <codetemplate abbreviation="fore" contexts="php-code" uuid="org.netbeans.modules.php.editor.codetemplate.foreach" xml:space="preserve">
        <code><![CDATA[foreach (${ARRAY variableFromPreviousAssignment instanceof="array" default="$array"} as $$${key} => $$${value}) {
    ${selection}${cursor}
}]]></code>
    </codetemplate>
    <codetemplate abbreviation="pro" xml:space="preserve">
        <code><![CDATA[protected function ${functionName}(){
    
}]]></code>
    </codetemplate>
    <codetemplate abbreviation="int" xml:space="preserve">
        <code><![CDATA[/**
 * Description
 * 
 * @autor Svaťa
 */
interface ${InterfaceName} {
    ${cursor}
}]]></code>
    </codetemplate>
    <codetemplate abbreviation="ivar" xml:space="preserve">
        <code><![CDATA[/**
 * @var
 * @inject
 */
public $$${variableName};]]></code>
    </codetemplate>
    <codetemplate abbreviation="cre" xml:space="preserve">
        <code><![CDATA[public function createComponent${functionName}(){
    
}]]></code>
    </codetemplate>
    <codetemplate abbreviation="cla" xml:space="preserve">
        <code><![CDATA[/**
 * Description
 * 
 * @autor Svaťa
 */
class ${ClassName} {
    ${cursor}
}]]></code>
    </codetemplate>
    <codetemplate abbreviation="ren" xml:space="preserve">
        <code><![CDATA[public function render${Action}(){
    
}]]></code>
    </codetemplate>
    <codetemplate abbreviation="pub" xml:space="preserve">
        <code><![CDATA[public function ${functionName}(){
    
}]]></code>
    </codetemplate>
    <codetemplate abbreviation="pr" remove="true"/>
    <codetemplate abbreviation="swi" remove="true"/>
    <codetemplate abbreviation="my_fo" remove="true"/>
    <codetemplate abbreviation="my_fr" remove="true"/>
    <codetemplate abbreviation="do" remove="true"/>
    <codetemplate abbreviation="while" remove="true"/>
    <codetemplate abbreviation="eco" remove="true"/>
    <codetemplate abbreviation="my_fa" remove="true"/>
    <codetemplate abbreviation="fnc" remove="true"/>
    <codetemplate abbreviation="if" remove="true"/>
    <codetemplate abbreviation="pfnc" remove="true"/>
    <codetemplate abbreviation="pclon" remove="true"/>
    <codetemplate abbreviation="ifnc" remove="true"/>
    <codetemplate abbreviation="cln" remove="true"/>
    <codetemplate abbreviation="pcon" remove="true"/>
    <codetemplate abbreviation="iter" remove="true"/>
    <codetemplate abbreviation="cls" remove="true"/>
    <codetemplate abbreviation="elif" remove="true"/>
    <codetemplate abbreviation="els" remove="true"/>
    <codetemplate abbreviation="prln" remove="true"/>
    <codetemplate abbreviation="prs" remove="true"/>
    <codetemplate abbreviation="iface" remove="true"/>
    <codetemplate abbreviation="pvfnc" remove="true"/>
    <codetemplate abbreviation="fcom" remove="true"/>
    <codetemplate abbreviation="prv" remove="true"/>
    <codetemplate abbreviation="vdoc" remove="true"/>
    <codetemplate abbreviation="trt" remove="true"/>
    <codetemplate abbreviation="inst" remove="true"/>
    <codetemplate abbreviation="ptfnc" remove="true"/>
    <codetemplate abbreviation="my_gc" remove="true"/>
    <codetemplate abbreviation="forek" remove="true"/>
    <codetemplate abbreviation="tryc" remove="true"/>
    <codetemplate abbreviation="itdir" remove="true"/>
</codetemplates>
